Date,Low,High,Average,Weather Description
20200101,35.096000000000004,49.028000000000006,42.062000000000005,Cold
20200102,28.490000000000002,53.78,41.135000000000005,Cold
20200103,45.554,58.244,51.899,Cold
20200104,43.052,59.504,51.278,Cold
20200105,35.438,45.824,40.631,Cold
20200106,32.234,53.456,42.845,Cold
20200107,32.558,46.292,39.425,Cold
20200108,30.56,45.302,37.931,Cold
20200109,24.656,38.894,31.775,Frigid
20200110,39.938,52.997,46.4675,Cold
20200111,58.127,70.71799999999999,64.4225,Warm
20200112,47.84,66.03800000000001,56.93900000000001,Cold
20200113,44.456,52.879999999999995,48.668,Cold
20200114,43.421,48.938,46.179500000000004,Cold
20200115,46.013,56.165000000000006,51.089,Cold
20200116,34.142,50.837,42.48950000000001,Cold
20200117,29.552,36.149,32.8505,Frigid
20200118,28.472,44.375,36.423500000000004,Cold
20200119,26.509999999999998,39.425,32.9675,Frigid
20200120,24.314,33.341,28.8275,Frigid
20200121,23.701999999999998,35.096000000000004,29.399,Frigid
20200122,25.799,39.515,32.657,Frigid
20200123,28.922,42.791,35.8565,Cold
20200124,40.217,51.71,45.963499999999996,Cold
20200125,40.721000000000004,50.18000000000001,45.450500000000005,Cold
20200126,36.185,46.733000000000004,41.459,Cold
20200127,34.655,47.579,41.117000000000004,Cold
20200128,35.339,45.563,40.451,Cold
20200129,33.719,44.483000000000004,39.101,Cold
20200130,30.587,40.730000000000004,35.658500000000004,Cold
20200131,34.493,45.491,39.992000000000004,Cold
20200201,35.393,49.253,42.323,Cold
20200202,40.55,52.736000000000004,46.643,Cold
20200203,48.947,65.28200000000001,57.11450000000001,Cool
20200204,54.248000000000005,66.065,60.1565,Cool
20200205,36.257,48.236000000000004,42.2465,Cold
20200206,39.938,51.323,45.6305,Cold
20200207,33.575,50.92700000000001,42.251000000000005,Cold
20200208,34.061,44.33,39.195499999999996,Cold
20200209,35.672,49.1,42.385999999999996,Cold
20200210,42.602000000000004,50.936,46.769000000000005,Cold
20200211,45.491,54.032,49.7615,Cold
20200212,42.224000000000004,48.47,45.347,Cold
20200213,39.317,54.311,46.814,Cold
20200214,27.536,38.822,33.179,Frigid
20200215,25.367,35.978,30.6725,Frigid
20200216,35.366,51.962,43.664,Cold
20200217,39.731,53.69,46.710499999999996,Cold
20200218,42.224000000000004,58.739000000000004,50.481500000000004,Cold
20200219,36.59,52.313,44.4515,Cold
20200220,30.929,39.794,35.3615,Cold
20200221,27.851,37.985,32.918,Frigid
20200222,31.505,53.726,42.6155,Cold
20200223,35.285,57.704,46.4945,Cold
20200224,39.956,58.649,49.3025,Cold
20200125,40.721000000000004,50.18000000000001,45.450500000000005,Cold
20200226,44.762,52.150999999999996,48.4565,Cold
20200227,32.333,42.007999999999996,37.1705,Cold
20200228,31.028,46.067,38.5475,Cold
20200229,29.561,37.004,33.2825,Frigid
20200301,32.981,50.594,41.7875,Cold
20200302,43.349000000000004,64.88600000000001,54.11750000000001,Cold
20200303,47.426,63.635,55.5305,Cold
20200304,47.021,63.464,55.2425,Cold
20200305,42.323,54.923,48.623000000000005,Cold
20200306,37.058,49.244,43.150999999999996,Cold
20200307,38.885,50.36,44.6225,Cold
20200308,42.098,61.673,51.8855,Cold
20200309,50.702,72.338,61.519999999999996,Cool
20200310,52.439,70.574,61.5065,Cool
20200311,47.156,56.372,51.763999999999996,Cold
20200312,50.738,61.637,56.1875,Cool
20200313,49.04600000000001,71.43799999999999,60.242,Cool
20200314,44.159,57.515,50.837,Cold
20200315,41.603,51.314,46.4585,Cold
20200316,41.576,53.672,47.623999999999995,Cold
20200317,45.491,64.193,54.842,Cold
20200318,45.716,57.731,51.7235,Cold
20200319,53.789,71.168,62.478500000000004,Cool
20200320,59.045,80.6,69.82249999999999,Warm
20200321,45.239000000000004,60.89,53.0645,Cold
20200322,40.721000000000004,51.872,46.2965,Cold
20200323,42.323,47.453,44.888000000000005,Cold
20200324,44.42,57.299,50.8595,Cold
20200325,43.646,47.579,45.6125,Cold
20200326,48.352999999999994,60.404,54.3785,Cool
20200327,52.97,67.406,60.188,Cool
20200328,53.33,59.234,56.282,Cool
20200329,52.583,70.214,61.3985,Cool
20200330,51.161,70.142,60.6515,Cool
20200331,43.034,52.439,47.7365,Cold
20200401,42.134,55.49,48.812,Cold
20200402,43.574,61.510999999999996,52.5425,Cold
20200403,49.001000000000005,63.769999999999996,56.3855,Cool
20200404,50.666000000000004,58.865,54.7655,Cool
20200405,51.71,69.368,60.539,Cool
20200406,54.977000000000004,69.503,62.24,Cool
20200407,55.445,68.21600000000001,61.8305,Cool
20200408,57.137,76.586,66.8615,Warm
20200409,45.671,64.535,55.102999999999994,Cold
20200410,40.766,51.053,45.909499999999994,Cold
20200411,44.266999999999996,62.024,53.1455,Cold
20200412,51.539,71.78,61.6595,Cool
20200413,50.486000000000004,75.209,62.847500000000004,Cool
20200414,43.214,57.245000000000005,50.2295,Cold
20200415,41.09,53.672,47.381,Cold
20200416,41.846000000000004,52.727000000000004,47.286500000000004,Cold
20200417,44.501000000000005,59.198,51.849500000000006,Cold
20200418,44.393,54.689,49.541,Cold
20200419,45.778999999999996,66.542,56.1605,Cold
20200420,51.340999999999994,62.96,57.150499999999994,Cool
20200421,42.403999999999996,65.417,53.9105,Cold
20200422,44.123,60.593,52.358000000000004,Cold
20200423,50.126000000000005,57.11,53.618,Cool
20200424,50.117000000000004,58.244,54.1805,Cool
20200425,49.181,62.852000000000004,56.0165,Cool
20200426,49.766000000000005,57.362,53.56400000000001,Cool
20200427,45.302,57.281,51.2915,Cold
20200428,46.337,55.733,51.035,Cold
20200429,56.147000000000006,74.075,65.111,Cool
20200430,57.209,62.888000000000005,60.048500000000004,Warm
20200501,52.934,63.995,58.4645,Cool
20200502,56.992999999999995,71.753,64.37299999999999,Cool
20200503,62.483,76.95500000000001,69.71900000000001,Warm
20200504,54.194,71.762,62.978,Cool
20200505,49.739000000000004,58.262,54.0005,Cool
20200506,48.209,55.652,51.9305,Cool
20200507,48.902,67.18100000000001,58.041500000000006,Cool
20200508,43.141999999999996,62.672,52.907,Cold
20200509,38.939,49.757,44.348,Cold
20200510,46.184,64.58000000000001,55.382000000000005,Cold
20200511,46.463,58.064,52.2635,Cold
20200512,45.752,61.43899999999999,53.5955,Cold
20200513,48.128,69.683,58.9055,Cool
20200514,57.74,71.24000000000001,64.49000000000001,Warm
20200515,67.433,85.487,76.46000000000001,Warm
20200516,64.787,81.689,73.238,Warm
20200517,60.26,67.78399999999999,64.02199999999999,Warm
20200518,57.11,66.02,61.565,Warm
20200519,54.644000000000005,66.27199999999999,60.458,Cool
20200520,52.565,63.194,57.8795,Cool
20200521,54.329,70.475,62.402,Cool
20200522,61.808,75.00200000000001,68.405,Warm
20200523,64.33700000000002,81.75200000000001,73.04450000000001,Warm
20200524,59.135,69.368,64.2515,Warm
20200525,62.771,77.00900000000001,69.89000000000001,Warm
20200526,62.888000000000005,80.429,71.6585,Warm
20200527,67.964,79.592,73.77799999999999,Warm
20200528,72.437,79.898,76.16749999999999,Warm
20200529,72.69800000000001,84.506,78.602,Warm
20200530,66.398,82.562,74.47999999999999,Warm
20200531,59.45,73.976,66.713,Warm
20200601,57.128,73.652,65.39,Warm
20200602,63.167,77.95400000000001,70.5605,Warm
20200603,72.878,92.822,82.85,Warm
20200604,72.725,91.787,82.256,Warm
20200605,71.654,86.369,79.0115,Warm
20200606,71.951,89.51,80.7305,Warm
20200607,66.794,81.203,73.9985,Warm
20200608,65.372,82.562,73.967,Warm
20200609,70.952,89.89699999999999,80.4245,Warm
20200610,77.702,89.89699999999999,83.7995,Hot
20200611,74.219,83.11099999999999,78.66499999999999,Hot
20200612,68.477,86.144,77.3105,Warm
20200613,65.057,78.152,71.6045,Warm
20200614,62.58200000000001,76.541,69.5615,Warm
20200615,62.951,76.60400000000001,69.7775,Warm
20200616,63.635,76.04599999999999,69.84049999999999,Warm
20200617,65.795,70.50200000000001,68.14850000000001,Warm
20200618,67.80199999999999,80.25800000000001,74.03,Warm
20200619,69.24199999999999,81.887,75.5645,Warm
20200620,68.981,76.919,72.94999999999999,Warm
20200621,70.043,83.92099999999999,76.982,Warm
20200622,72.158,87.062,79.61,Warm
20200623,72.77,88.763,80.76650000000001,Warm
20200624,73.553,85.469,79.511,Warm
20200625,70.53800000000001,83.129,76.83350000000002,Warm
20200626,70.304,88.259,79.2815,Warm
20200627,74.894,89.456,82.17500000000001,Hot
20200628,75.02,87.863,81.44149999999999,Hot
20200629,75.695,90.45500000000001,83.075,Hot
20200630,74.084,89.708,81.896,Hot
20200701,72.635,85.892,79.2635,Warm
20200702,73.841,90.581,82.211,Warm
20200703,77.099,94.71200000000002,85.90550000000002,Hot
20200704,76.433,90.068,83.2505,Hot
20200705,76.37,90.70700000000001,83.5385,Hot
20200706,76.41499999999999,93.965,85.19,Hot
20200707,73.778,88.601,81.18950000000001,Warm
20200708,75.596,90.464,83.03,Hot
20200709,75.362,89.465,82.4135,Hot
20200710,76.676,88.59200000000001,82.63400000000001,Hot
20200711,75.27199999999999,89.99600000000001,82.634,Hot
20200712,73.42699999999999,88.241,80.834,Warm
20200713,73.805,88.87100000000001,81.33800000000001,Warm
20200714,73.742,88.71799999999999,81.22999999999999,Warm
20200715,73.52600000000001,89.98700000000001,81.75650000000002,Warm
20200716,75.551,86.837,81.194,Hot
20200717,78.179,94.28,86.2295,Hot
20200718,79.295,96.55699999999999,87.92599999999999,Hot
20200719,80.636,96.62,88.628,Hot
20200720,80.66300000000001,97.25,88.9565,Hot
20200721,79.277,96.305,87.791,Hot
20200722,73.88600000000001,85.74799999999999,79.81700000000001,Warm
20200723,75.497,92.885,84.191,Hot
20200724,75.27199999999999,84.02,79.64599999999999,Hot
20200725,76.136,90.239,83.1875,Hot
20200726,78.989,94.316,86.6525,Hot
20200727,80.38400000000001,95.144,87.76400000000001,Hot
20200728,78.422,90.95,84.686,Hot
20200729,77.576,92.822,85.199,Hot
20200730,76.46000000000001,93.614,85.037,Hot
20200731,74.588,79.106,76.847,Hot
20200801,75.695,87.062,81.3785,Hot
20200802,78.161,91.418,84.7895,Hot
20200803,74.831,82.82300000000001,78.827,Hot
20200804,72.356,86.243,79.2995,Warm
20200805,73.42699999999999,87.35900000000001,80.393,Warm
20200806,74.28200000000001,84.596,79.43900000000001,Hot
20200807,74.92099999999999,85.613,80.267,Hot
20200808,74.03899999999999,85.559,79.79899999999999,Hot
20200809,75.38,87.59299999999999,81.48649999999999,Hot
20200810,76.649,92.615,84.632,Hot
20200811,77.648,90.815,84.2315,Hot
20200812,77.018,89.105,83.0615,Hot
20200813,74.831,82.94,78.88550000000001,Hot
20200814,75.146,85.964,80.555,Hot
20200815,71.537,78.629,75.083,Warm
20200816,67.208,75.101,71.1545,Warm
20200817,68.792,80.933,74.86250000000001,Warm
20200818,71.555,85.226,78.3905,Warm
20200819,68.738,82.17500000000001,75.4565,Warm
20200820,68.702,82.652,75.67699999999999,Warm
20200821,71.078,84.02,77.549,Warm
20200822,74.786,83.471,79.1285,Hot
20200823,76.64,89.564,83.102,Hot
20200824,76.41499999999999,88.43900000000001,82.42699999999999,Hot
20200825,75.542,91.12100000000001,83.3315,Hot
20200826,72.788,86.783,79.7855,Warm
20200827,77.459,92.201,84.83,Hot
20200828,75.614,91.238,83.426,Hot
20200829,71.852,83.94800000000001,77.9,Warm
20200830,69.521,82.265,75.893,Warm
20200831,68.945,73.814,71.3795,Warm
20200901,70.36699999999999,80.12299999999999,75.24499999999999,Warm
20200902,75.77600000000001,86.648,81.212,Hot
20200903,76.23500000000001,90.077,83.156,Hot
20200904,72.212,87.278,79.745,Warm
20200905,66.02,80.798,73.40899999999999,Warm
20200906,65.723,83.903,74.813,Warm
20200907,64.958,84.37100000000001,74.6645,Warm
20200908,66.92,86.738,76.82900000000001,Warm
20200909,71.591,79.583,75.58699999999999,Warm
20200910,73.814,83.543,78.6785,Warm
20200911,73.751,81.779,77.765,Warm
20200912,67.55000000000001,76.541,72.0455,Warm
20200913,62.69,81.73400000000001,72.212,Warm
20200914,68.126,78.638,73.382,Warm
20200915,55.507999999999996,72.833,64.1705,Cool
20200916,55.292,75.605,65.4485,Cool
20200917,64.841,74.678,69.7595,Warm
20200918,62.393,74.939,68.666,Warm
20200919,50.909,65.912,58.4105,Cool
20200920,49.631,67.80199999999999,58.716499999999996,Cool
20200921,50.242999999999995,67.541,58.891999999999996,Cool
20200922,49.019000000000005,71.6,60.3095,Cool
20200923,56.228,80.456,68.342,Cool
20200924,63.077,77.162,70.1195,Warm
20200925,61.421,71.636,66.5285,Warm
20200926,62.28500000000001,73.814,68.0495,Warm
20200927,66.605,75.686,71.1455,Warm
20200928,65.687,80.789,73.238,Warm
20200929,61.907000000000004,78.611,70.259,Warm
20200930,56.291000000000004,70.619,63.455,Cool
20201001,57.092,74.30000000000001,65.696,Warm
20201002,56.138000000000005,67.118,61.628,Cool
20201003,48.875,67.064,57.9695,Cool
20201004,47.75,69.269,58.5095,Cold
20201005,54.608000000000004,69.206,61.907000000000004,Cool
20201006,49.424,72.03200000000001,60.72800000000001,Cool
20201007,56.309,80.06899999999999,68.189,Cool
20201008,57.713,69.818,63.7655,Warm
20201009,51.782,71.186,61.484,Cool
20201010,59.342,71.89699999999999,65.61949999999999,Warm
20201011,64.706,70.05199999999999,67.37899999999999,Warm
20201012,57.803,65.255,61.528999999999996,Warm
20201013,56.588,70.268,63.428,Cool
20201014,51.611000000000004,72.73400000000001,62.17250000000001,Cool
20201015,55.796,75.434,65.615,Cool
20201016,53.608999999999995,65.993,59.800999999999995,Cool
20201017,45.311,62.18600000000001,53.74850000000001,Cold
20201018,45.014,65.174,55.09400000000001,Cold
20201020,56.849000000000004,74.849,65.849,Cool
20201021,61.331,78.32300000000001,69.827,Warm
20201022,62.51,80.06,71.285,Warm
20201023,62.366,75.911,69.1385,Warm
20201024,60.17,75.524,67.84700000000001,Warm
20201025,45.797,56.57,51.183499999999995,Cold
20201026,49.055,66.542,57.798500000000004,Cool
20201027,57.488,65.21000000000001,61.349000000000004,Warm
20201028,59.288,72.275,65.7815,Warm
20201029,56.804,63.878,60.341,Cool
20201030,47.804,53.582,50.693,Cold
20201031,41.189,50.198,45.6935,Cold
20201101,42.215,57.281,49.748000000000005,Cold
20201102,36.932,48.146,42.539,Cold
20201103,40.891999999999996,61.655,51.2735,Cold
20201104,42.935,65.21000000000001,54.072500000000005,Cold
20201105,47.183,67.469,57.32599999999999,Cold
20201106,50.216,69.917,60.066500000000005,Cool
20201107,49.504999999999995,73.607,61.556,Cool
20201108,51.161,73.886,62.5235,Cool
20201109,54.5,73.47200000000001,63.986000000000004,Cool
20201110,55.85,75.344,65.597,Cool
20201111,63.194,70.997,67.0955,Warm
20201112,51.539,68.432,59.9855,Cool
20201113,48.31700000000001,60.053,54.185,Cool
20201114,44.501000000000005,58.208,51.3545,Cold
20201115,46.499,66.46100000000001,56.480000000000004,Cold
20201116,45.248000000000005,59.288,52.268,Cold
20201117,37.967,53.501000000000005,45.734,Cold
20201118,34.43,44.141,39.2855,Cold
20201119,32.639,51.215,41.92700000000001,Cold
20201120,41.441,61.754000000000005,51.597500000000004,Cold
20201121,47.984,65.70500000000001,56.84450000000001,Cold
20201122,50.369,58.37,54.3695,Cool
20201123,42.44,57.461,49.9505,Cold
20201124,38.534,50.92700000000001,44.730500000000006,Cold
20201125,43.088,57.812,50.45,Cold
20201126,54.545,67.16300000000001,60.854000000000006,Cool
20201127,52.628,60.899,56.7635,Cool
20201128,43.385,58.928,51.156499999999994,Cold
20201129,38.696,57.047,47.8715,Cold
20201130,49.289,63.635,56.462,Cool
20201201,37.535,49.235,43.385,Cold
20201202,35.582,47.471,41.5265,Cold
20201203,33.638,51.89,42.763999999999996,Cold
20201204,44.186,54.842,49.513999999999996,Cold
20190101,40.856,60.158,50.507000000000005,Cold
20190102,40.49,46.202,43.346000000000004,Cold
20190103,36.914,48.385999999999996,42.65,Cold
20190104,37.268,48.158,42.713,Cold
20190105,43.322,51.254000000000005,47.288000000000004,Cold
20190106,35.582,53.846,44.714,Cold
20190107,34.388,39.398,36.893,Cold
20190108,39.332,55.424,47.378,Cold
20190109,32.762,46.466,39.614000000000004,Cold
20190110,29.726,39.998,34.861999999999995,Frigid
20190111,29.798000000000002,40.136,34.967,Frigid
20190112,30.692,39.512,35.102000000000004,Cold
20190113,27.221,30.65,28.935499999999998,Frigid
20190114,24.386,36.446,30.415999999999997,Frigid
20190115,23.495,37.391,30.442999999999998,Frigid
20190116,24.206,42.098,33.152,Frigid
20190117,32.999,38.246,35.6225,Cold
20190118,32.504,41.702,37.102999999999994,Cold
20190119,37.031,41.657,39.343999999999994,Cold
20190120,14.431999999999999,41.396,27.914,Frigid
20190121,13.703,21.29,17.496499999999997,Frigid
20190122,21.119,32.738,26.9285,Frigid
20190123,38.714,49.973,44.3435,Cold
20190124,31.388,52.745000000000005,42.066500000000005,Cold
20190125,25.259,41.027,33.143,Frigid
20190126,25.151,39.479,32.315,Frigid
20190127,26.168,48.029,37.0985,Cold
20190128,28.481,39.128,33.804500000000004,Frigid
20190129,24.269,39.884,32.076499999999996,Frigid
20190130,9.832999999999998,34.988,22.4105,Frigid
20190131,12.154999999999998,23.936,18.045499999999997,Frigid
20190201,17.141000000000002,23.531,20.336,Frigid
20190202,21.308,39.893,30.6005,Frigid
20190203,26.816,52.709,39.7625,Cold
20190204,34.646,64.652,49.649,Cold
20190205,39.488,70.268,54.878,Cold
20190206,46.796,56.183,51.4895,Cold
20190207,47.641999999999996,54.815,51.2285,Cold
20190208,29.822,54.752,42.287,Cold
20190209,24.341,35.402,29.8715,Frigid
20190210,27.239,40.613,33.926,Frigid
20190211,32.936,35.42,34.178,Frigid
20190212,35.33,41.072,38.201,Cold
20190213,32.369,47.272999999999996,39.821,Cold
20190214,37.589,53.726,45.6575,Cold
20190215,41.108,64.10300000000001,52.605500000000006,Cold
20190216,31.208,48.767,39.9875,Cold
20190217,31.712,39.776,35.744,Cold
20190218,30.668,47.723,39.195499999999996,Cold
20190219,30.011,41.423,35.717,Cold
20190220,31.46,35.627,33.5435,Frigid
20190221,35.159,55.292,45.2255,Cold
20190222,38.156,50.423,44.289500000000004,Cold
20190223,37.202,41.864000000000004,39.533,Cold
20190224,35.582,61.142,48.362,Cold
20190125,25.259,41.027,33.143,Frigid
20190226,29.723,50.369,40.046,Cold
20190227,33.467,44.915,39.191,Cold
20190228,37.652,45.608,41.629999999999995,Cold
20190301,33.359,37.364,35.3615,Cold
20190302,34.979,47.885,41.432,Cold
20190303,33.368,41.657,37.5125,Cold
20190304,25.286,38.309,31.7975,Frigid
20190305,22.82,39.371,31.0955,Frigid
20190306,21.479,33.179,27.329,Frigid
20190307,23.774,41.351,32.5625,Frigid
20190308,32.009,41.522,36.7655,Cold
20190309,34.943,46.616,40.7795,Cold
20190310,42.341,60.314,51.3275,Cold
20190311,41.054,55.885999999999996,48.47,Cold
20190312,34.511,50.657,42.584,Cold
20190313,36.374,55.823,46.0985,Cold
20190314,43.844,63.851,53.8475,Cold
20190315,57.884,74.75,66.31700000000001,Warm
20190316,42.512,62.168000000000006,52.34,Cold
20190317,33.926,52.196,43.061,Cold
20190318,39.019999999999996,48.488,43.754,Cold
20190319,31.91,51.782,41.846,Cold
20190320,33.062,53.996,43.528999999999996,Cold
20190321,43.34,47.912,45.626000000000005,Cold
20190322,39.776,50.612,45.194,Cold
20190323,36.878,53.798,45.338,Cold
20190324,32.918,66.326,49.622,Cold
20190325,46.598,63.626000000000005,55.112,Cold
20190326,38.552,50.396,44.474000000000004,Cold
20190327,32.99,53.221999999999994,43.105999999999995,Cold
20190328,32.792,63.914,48.353,Cold
20190329,51.062,69.116,60.089,Cool
20190330,51.89,78.044,64.967,Cool
20190331,39.218,66.70400000000001,52.961000000000006,Cold
20190401,33.476,49.478,41.477000000000004,Cold
20190402,35.438,47.588,41.513000000000005,Cold
20190403,35.186,71.852,53.519000000000005,Cold
20190404,45.644,69.962,57.803,Cold
20190405,47.138,55.885999999999996,51.512,Cold
20190406,45.626000000000005,70.25,57.938,Cold
20190407,49.172,71.888,60.53,Cool
20190408,60.458,82.004,71.231,Warm
20190409,59.647999999999996,80.618,70.133,Warm
20190410,51.71,70.754,61.232,Cool
20190411,48.650000000000006,67.04599999999999,57.848,Cool
20190412,48.488,71.096,59.792,Cool
20190413,62.672,77.18,69.926,Warm
20190414,62.708,77.52199999999999,70.115,Warm
20190415,49.55,71.924,60.737,Cool
20190416,45.014,69.116,57.065,Cold
20190417,56.696,71.816,64.256,Cool
20190418,55.436,84.09200000000001,69.76400000000001,Cool
20190419,64.922,77.504,71.213,Warm
20190420,59.647999999999996,72.73400000000001,66.191,Warm
20190421,52.123999999999995,69.188,60.656,Cool
20190422,55.76,73.4,64.58,Cool
20190423,54.715999999999994,83.96600000000001,69.34100000000001,Cool
20190424,60.26,77.55799999999999,68.90899999999999,Warm
20190425,62.168000000000006,79.358,70.763,Warm
20190426,55.562,73.778,64.67,Cool
20190427,55.022,71.726,63.373999999999995,Cool
20190428,53.294,72.30199999999999,62.797999999999995,Cool
20190429,46.328,63.896,55.112,Cold
20190430,55.867999999999995,81.28399999999999,68.576,Cool
20190501,58.153999999999996,73.328,65.741,Warm
20190502,58.856,87.242,73.049,Warm
20190503,64.562,77.28800000000001,70.92500000000001,Warm
20190504,63.698,74.96600000000001,69.33200000000001,Warm
20190505,58.64,67.838,63.239,Warm
20190506,56.228,76.082,66.155,Cool
20190507,60.692,81.10400000000001,70.89800000000001,Warm
20190508,63.373999999999995,72.5,67.937,Warm
20190509,59.558,77.504,68.531,Warm
20190510,67.47800000000001,80.438,73.958,Warm
20190511,56.606,69.908,63.257000000000005,Cool
20190512,52.484,60.025999999999996,56.254999999999995,Cool
20190513,49.712,60.403999999999996,55.058,Cool
20190514,49.028000000000006,59.558,54.293000000000006,Cool
20190515,47.372,73.976,60.674,Cold
20190516,53.312,77.666,65.489,Cool
20190517,55.508,82.31,68.909,Cool
20190518,64.112,82.616,73.364,Warm
20190519,63.914,88.898,76.406,Warm
20190520,73.724,88.07,80.89699999999999,Warm
20190521,63.086,76.226,69.656,Warm
20190522,52.952,73.112,63.032,Cool
20190523,60.998000000000005,84.164,72.581,Warm
20190524,70.862,83.876,77.369,Warm
20190525,66.18199999999999,80.816,73.499,Warm
20190526,66.326,90.824,78.57499999999999,Warm
20190527,68.21600000000001,83.174,75.69500000000001,Warm
20190528,68.882,89.744,79.313,Warm
20190529,70.16,90.932,80.54599999999999,Warm
20190530,69.62,87.062,78.34100000000001,Warm
20190531,65.876,86.576,76.226,Warm
20190601,67.316,87.602,77.459,Warm
20190602,63.428,84.03800000000001,73.733,Warm
20190603,59.269999999999996,72.5,65.88499999999999,Warm
20190604,48.416,79.05199999999999,63.733999999999995,Cool
20190605,64.328,82.364,73.346,Warm
20190606,70.80799999999999,86.702,78.755,Warm
20190607,72.878,80.762,76.82,Warm
20190608,66.902,81.19399999999999,74.048,Warm
20190609,65.606,72.24799999999999,68.92699999999999,Warm
20190610,64.868,83.96600000000001,74.417,Warm
20190611,64.652,80.168,72.41,Warm
20190612,61.034,77.612,69.323,Warm
20190613,62.888000000000005,77.0,69.944,Warm
20190614,56.534000000000006,77.126,66.83000000000001,Cool
20190615,54.176,83.336,68.756,Cool
20190616,67.622,85.78399999999999,76.703,Warm
20190617,71.096,89.384,80.24000000000001,Warm
20190618,70.358,85.49600000000001,77.927,Warm
20190619,71.384,86.144,78.76400000000001,Warm
20190620,74.138,90.788,82.463,Hot
20190621,70.286,82.742,76.51400000000001,Warm
20190622,64.328,82.688,73.50800000000001,Warm
20190623,58.748000000000005,86.19800000000001,72.47300000000001,Warm
20190624,64.31,88.844,76.577,Warm
20190625,74.768,88.25,81.509,Hot
20190626,69.494,90.95,80.22200000000001,Warm
20190627,72.356,91.22,81.788,Warm
20190628,68.97200000000001,95.27,82.12100000000001,Warm
20190629,70.97,94.856,82.913,Warm
20190630,74.03,90.572,82.301,Hot
20190701,65.588,86.738,76.163,Warm
20190702,65.372,95.41399999999999,80.393,Warm
20190703,72.32,93.596,82.958,Warm
20190704,75.11,91.292,83.201,Hot
20190705,74.21000000000001,90.23,82.22,Hot
20190706,74.462,92.28200000000001,83.37200000000001,Hot
20190707,73.634,86.48599999999999,80.06,Warm
20190708,70.988,80.114,75.551,Warm
20190709,65.282,87.548,76.41499999999999,Warm
20190710,68.774,89.042,78.908,Warm
20190711,73.58000000000001,89.69,81.635,Warm
20190712,71.456,90.356,80.906,Warm
20190713,69.89,93.47,81.68,Warm
20190714,71.528,95.144,83.33600000000001,Warm
20190715,68.19800000000001,93.254,80.726,Warm
20190716,71.888,94.44200000000001,83.165,Warm
20190717,76.388,96.8,86.594,Hot
20190718,76.316,91.166,83.741,Hot
20190719,76.78399999999999,98.366,87.57499999999999,Hot
20190720,79.124,99.788,89.45599999999999,Hot
20190721,78.69200000000001,99.986,89.339,Hot
20190722,74.138,93.00200000000001,83.57000000000001,Hot
20190723,68.99000000000001,78.74600000000001,73.86800000000001,Warm
20190724,66.72200000000001,82.778,74.75,Warm
20190725,62.24,85.244,73.742,Warm
20190726,65.516,88.178,76.84700000000001,Warm
20190727,66.65,91.166,78.908,Warm
20190728,72.608,94.028,83.31800000000001,Warm
20190729,72.968,93.27199999999999,83.12,Warm
20190730,74.49799999999999,95.828,85.163,Hot
20190731,72.98599999999999,87.17,80.078,Warm
20190801,69.206,88.97,79.088,Warm
20190802,72.30199999999999,85.946,79.124,Warm
20190803,69.85400000000001,87.926,78.89000000000001,Warm
20190804,73.13,90.03200000000001,81.581,Warm
20190805,71.312,86.97200000000001,79.142,Warm
20190806,69.35,90.518,79.934,Warm
20190807,74.084,90.482,82.283,Hot
20190808,69.17,91.058,80.114,Warm
20190809,72.71600000000001,89.744,81.23,Warm
20190810,63.608,86.99000000000001,75.299,Warm
20190811,64.832,86.594,75.713,Warm
20190812,63.554,91.52600000000001,77.54,Warm
20190813,76.244,87.332,81.788,Hot
20190814,74.31800000000001,86.18,80.24900000000001,Hot
20190815,73.75999999999999,84.452,79.106,Warm
20190816,71.366,87.74600000000001,79.55600000000001,Warm
20190817,73.148,91.148,82.148,Warm
20190818,73.58000000000001,93.902,83.74100000000001,Warm
20190819,73.004,95.594,84.299,Warm
20190820,73.364,93.794,83.57900000000001,Warm
20190821,70.268,91.814,81.041,Warm
20190822,72.30199999999999,93.452,82.877,Warm
20190823,67.298,76.316,71.807,Warm
20190824,61.232,78.386,69.809,Warm
20190825,61.502,78.152,69.827,Warm
20190826,61.897999999999996,79.322,70.61,Warm
20190827,63.086,81.06800000000001,72.077,Warm
20190828,68.072,82.52600000000001,75.299,Warm
20190829,64.45400000000001,83.912,74.183,Warm
20190830,60.385999999999996,89.168,74.777,Warm
20190831,65.912,87.602,76.757,Warm
20190901,69.44,82.832,76.136,Warm
20190902,70.754,88.05199999999999,79.40299999999999,Warm
20190903,67.47800000000001,87.314,77.396,Warm
20190904,69.71000000000001,93.542,81.626,Warm
20190905,70.88,78.638,74.759,Warm
20190906,65.372,75.77600000000001,70.57400000000001,Warm
20190907,58.496,83.174,70.83500000000001,Warm
20190908,60.53,84.326,72.428,Warm
20190909,66.812,85.388,76.1,Warm
20190910,67.532,87.242,77.387,Warm
20190911,69.512,94.892,82.202,Warm
20190912,73.94,95.324,84.632,Warm
20190913,67.46000000000001,76.74799999999999,72.104,Warm
20190914,65.876,83.12,74.498,Warm
20190915,71.27600000000001,87.458,79.367,Warm
20190916,67.118,91.598,79.358,Warm
20190917,66.632,81.878,74.255,Warm
20190918,61.016000000000005,78.02600000000001,69.52100000000002,Warm
20190919,57.704,75.344,66.524,Warm
20190920,53.402,80.456,66.929,Cool
20190921,59.215999999999994,88.97,74.09299999999999,Warm
20190922,68.648,92.084,80.366,Warm
20190923,70.07,93.28999999999999,81.67999999999999,Warm
20190924,66.794,81.73400000000001,74.26400000000001,Warm
20190925,59.306,84.05600000000001,71.68100000000001,Warm
20190926,64.742,86.396,75.569,Warm
20190927,62.906000000000006,83.714,73.31,Warm
20190928,66.254,88.25,77.25200000000001,Warm
20190929,72.19399999999999,86.648,79.42099999999999,Warm
20190930,68.054,76.388,72.221,Warm
20191001,67.37,88.196,77.783,Warm
20191002,71.87,95.99,83.93,Warm
20191003,72.19399999999999,83.084,77.639,Warm
20191004,57.236000000000004,77.27,67.253,Warm
20191005,47.75,68.846,58.298,Cold
20191006,60.26,77.99000000000001,69.125,Warm
20191007,63.932,82.976,73.45400000000001,Warm
20191008,59.629999999999995,70.7,65.16499999999999,Warm
20191009,55.724000000000004,71.42,63.572,Cool
20191010,54.878,77.9,66.38900000000001,Cool
20191011,54.644000000000005,76.208,65.426,Cool
20191012,53.078,76.262,64.67,Cool
20191013,53.96,69.404,61.682,Cool
20191014,51.188,77.27,64.229,Cool
20191015,50.036,73.256,61.646,Cool
20191016,49.946,63.842,56.894,Cool
20191017,49.028000000000006,59.540000000000006,54.284000000000006,Cool
20191018,47.444,64.328,55.886,Cold
20191019,42.314,66.362,54.337999999999994,Cold
20191020,53.221999999999994,57.416,55.318999999999996,Cool
20191021,54.032,69.386,61.708999999999996,Cool
20191022,57.218,63.428,60.323,Warm
20191023,50.558,67.766,59.162000000000006,Cool
20191024,43.97,71.54599999999999,57.757999999999996,Cold
20191025,50.486000000000004,70.80799999999999,60.647,Cool
20191026,56.678,68.504,62.591,Cool
20191027,59.684,79.50200000000001,69.593,Warm
20191028,53.870000000000005,69.72800000000001,61.79900000000001,Cool
20191029,56.354,68.792,62.573,Cool
20191030,57.218,68.09,62.654,Warm
20191031,54.086,77.666,65.876,Cool
20191101,40.856,54.95,47.903000000000006,Cold
20191102,34.052,55.976,45.013999999999996,Cold
20191103,39.218,55.832,47.525000000000006,Cold
20191104,35.456,61.988,48.722,Cold
20191105,42.296,67.352,54.824,Cold
20191106,38.966,60.206,49.586,Cold
20191107,45.086,61.862,53.474000000000004,Cold
20191108,34.286,47.318,40.802,Cold
20191109,28.922,47.138,38.03,Cold
20191110,34.556,59.647999999999996,47.102,Cold
20191111,40.388,68.018,54.203,Cold
20191112,29.624,60.116,44.87,Cold
20191113,24.548000000000002,39.56,32.054,Frigid
20191114,25.736,45.374,35.555,Cold
20191115,32.684,55.400000000000006,44.042,Cold
20191116,34.682,46.238,40.46,Cold
20191117,34.664,45.518,40.091,Cold
20191118,38.534,49.298,43.916,Cold
20191119,42.512,54.878,48.695,Cold
20191120,41.054,53.456,47.255,Cold
20191121,38.714,54.230000000000004,46.472,Cold
20191122,37.202,54.986000000000004,46.094,Cold
20191123,31.694,46.094,38.894,Cold
20191124,38.552,52.322,45.437,Cold
20191125,35.906,58.226,47.066,Cold
20191126,36.914,63.733999999999995,50.324,Cold
20191127,44.852000000000004,60.764,52.80800000000001,Cold
20191128,39.182,54.608000000000004,46.895,Cold
20191129,36.59,50.971999999999994,43.781,Cold
20191130,38.642,46.364000000000004,42.503,Cold
20191201,37.814,48.146,42.980000000000004,Cold
20191202,36.464,44.582,40.522999999999996,Cold
20191203,37.256,47.912,42.584,Cold
20191204,35.384,49.568,42.476,Cold
20191205,37.058,47.174,42.116,Cold
20191206,32.846,53.942,43.394,Cold
20191209,43.088,56.102000000000004,49.595,Cold
20191210,37.184,58.946,48.065,Cold
20191211,31.604,39.704,35.653999999999996,Cold
20191212,27.086,38.966,33.025999999999996,Frigid
20191213,30.884,48.002,39.443,Cold
20191214,40.838,49.891999999999996,45.364999999999995,Cold
20191215,37.4,53.474000000000004,45.437,Cold
20191216,33.692,39.722,36.707,Cold
20191217,34.682,44.24,39.461,Cold
20191218,26.078,40.153999999999996,33.116,Frigid
20191219,20.732,33.008,26.87,Frigid
20191220,21.973999999999997,40.55,31.261999999999997,Frigid
20191221,25.232,39.218,32.225,Frigid
20191222,24.061999999999998,47.156,35.608999999999995,Cold
20191223,29.786,48.974000000000004,39.38,Cold
20191224,33.782,53.096000000000004,43.439,Cold
20191225,28.418,50.432,39.425,Cold
20191226,30.254,53.150000000000006,41.702000000000005,Cold
20191227,38.228,56.228,47.228,Cold
20191228,39.2,63.824,51.512,Cold
20191229,44.978,56.858000000000004,50.918000000000006,Cold
20191230,48.254,62.852000000000004,55.553,Cool
20191231,40.856,52.718,46.787000000000006,Cold
